timestamp,from_account,to_account,country_from,country_to,amount,is_international,is_suspicious
05-11-2025 11:22,P056,P042,SE,SE,1204.19,false,false
01-11-2025 05:30,P010,P056,EU1,SE,409.66,true,false
04-11-2025 20:56,P039,P037,SE,EU4,830.73,true,false
05-11-2025 12:28,P035,P057,EU1,EU3,420.44,true,false
04-11-2025 19:01,P043,P004,SE,EU5,709.33,true,false
06-11-2025 04:57,P043,P058,SE,SE,1163.97,false,false
06-11-2025 08:12,P059,P026,SE,EU3,1301.94,true,false
04-11-2025 04:56,P045,P020,EU5,EU4,1271.37,true,false
02-11-2025 05:13,P048,P044,SE,SE,1543.26,false,false
07-11-2025 23:28,P025,P022,SE,EU1,923.22,true,false
02-11-2025 08:40,P044,P049,EU5,EU3,136.52,true,false
04-11-2025 00:16,P008,P020,EU4,SE,2790.95,true,false
07-11-2025 01:57,P010,P047,EU3,EU3,918.27,false,false
07-11-2025 13:04,P048,P019,SE,SE,253.83,false,false
04-11-2025 21:20,P054,P045,SE,SE,214.76,false,false
07-11-2025 19:31,P022,P024,SE,SE,1808.84,false,false
03-11-2025 01:34,P021,P038,EU1,SE,632.52,true,false
05-11-2025 11:14,P012,P007,SE,EU2,2869.42,true,false
03-11-2025 01:12,P056,P040,SE,SE,1248.23,false,false
06-11-2025 15:30,P051,P023,SE,SE,91.52,false,false
04-11-2025 21:50,P058,P031,SE,EU3,608.0,true,false
07-11-2025 02:14,P047,P001,SE,EU2,932.47,true,false
02-11-2025 00:09,P039,P008,SE,EU2,759.17,true,false
05-11-2025 13:39,P027,P041,EU3,SE,2350.17,true,false
01-11-2025 09:56,P032,P018,EU1,EU1,587.99,false,false
05-11-2025 15:05,P052,P030,EU4,SE,450.98,true,false
07-11-2025 18:01,P021,P034,SE,SE,1665.92,false,false
01-11-2025 10:33,P060,P016,SE,EU2,724.69,true,false
03-11-2025 16:54,P017,P036,SE,EU4,107.98,true,false
01-11-2025 21:17,P019,P007,SE,EU5,1640.29,true,false
06-11-2025 14:29,P013,P058,SE,EU5,153.28,true,false
05-11-2025 04:49,P057,P059,SE,SE,2798.43,false,false
07-11-2025 22:18,P050,P018,SE,SE,328.96,false,false
03-11-2025 11:41,P009,P059,EU5,SE,4939.76,true,false
02-11-2025 17:23,P046,P014,SE,SE,815.24,false,false
07-11-2025 22:45,P010,P019,SE,EU4,8354.51,true,true
06-11-2025 15:20,P046,P019,SE,EU2,895.74,true,false
05-11-2025 09:03,P032,P013,EU2,EU4,1419.14,true,false
05-11-2025 14:06,P031,P002,SE,SE,2067.65,false,false
01-11-2025 08:54,P011,P053,EU2,EU1,1545.32,true,false
01-11-2025 13:50,P046,P009,EU4,EU2,139.59,true,false
05-11-2025 07:56,P024,P009,SE,SE,795.02,false,false
03-11-2025 05:27,P051,P002,SE,EU3,4303.93,true,false
06-11-2025 15:45,P055,P006,EU5,SE,1856.39,true,false
03-11-2025 07:25,P046,P003,SE,SE,4876.99,false,false
06-11-2025 20:35,P051,P024,SE,SE,283.81,false,false
02-11-2025 04:41,P027,P007,SE,SE,2317.6,false,false
01-11-2025 21:13,P015,P049,SE,EU5,1470.21,true,false
04-11-2025 07:23,P054,P032,EU5,SE,1252.63,true,false
05-11-2025 21:58,P015,P026,SE,EU4,697.84,true,false
01-11-2025 23:16,P037,P010,EU4,SE,410.66,true,false
01-11-2025 06:28,P023,P004,SE,EU3,1868.65,true,false
05-11-2025 23:15,P058,P031,EU5,SE,4115.5,true,false
07-11-2025 20:10,P052,P053,SE,EU5,1348.09,true,false
04-11-2025 10:16,P048,P023,SE,EU4,210.15,true,false
06-11-2025 10:56,P045,P002,SE,SE,3712.64,false,false
04-11-2025 16:44,P021,P011,SE,SE,381.48,false,false
06-11-2025 11:14,P003,P045,SE,EU3,1800.74,true,false
03-11-2025 20:27,P038,P051,SE,SE,4293.11,false,false
02-11-2025 06:33,P057,P054,SE,EU4,984.04,true,false
07-11-2025 07:49,P036,P055,SE,SE,3699.41,false,false
05-11-2025 14:13,P055,P044,SE,SE,100.9,false,false
05-11-2025 11:24,P025,P043,SE,SE,3221.54,false,false
07-11-2025 14:25,P014,P009,SE,EU2,1338.03,true,false
03-11-2025 08:15,P020,P038,SE,SE,1614.7,false,false
03-11-2025 02:22,P056,P002,SE,SE,384.1,false,false
04-11-2025 01:58,P044,P058,SE,EU2,2265.36,true,false
07-11-2025 19:00,P013,P034,SE,EU3,481.6,true,false
05-11-2025 11:46,P042,P011,SE,SE,1620.73,false,false
05-11-2025 11:26,P033,P015,EU4,SE,833.45,true,false
07-11-2025 01:46,P018,P032,EU2,EU5,971.07,true,false
07-11-2025 17:40,P058,P052,SE,SE,258.09,false,false
06-11-2025 14:52,P011,P015,EU4,EU3,1157.41,true,false
02-11-2025 04:42,P009,P057,SE,SE,1795.37,false,false
03-11-2025 19:04,P039,P032,SE,EU3,1775.51,true,false
01-11-2025 09:39,P048,P003,SE,SE,874.83,false,false
05-11-2025 06:14,P016,P009,EU1,SE,83.84,true,false
04-11-2025 11:30,P051,P004,SE,EU3,2929.41,true,false
07-11-2025 21:25,P013,P048,SE,SE,9209.44,false,true
01-11-2025 12:09,P029,P033,SE,SE,256.51,false,false
01-11-2025 08:36,P060,P047,SE,SE,2709.49,false,false
02-11-2025 15:11,P050,P008,SE,SE,63.85,false,false
07-11-2025 21:12,P008,P022,SE,EU1,1018.72,true,false
07-11-2025 06:44,P013,P004,SE,EU1,8070.88,true,true
03-11-2025 04:34,P010,P047,SE,SE,320.78,false,false
05-11-2025 21:25,P060,P031,SE,SE,2280.13,false,false
07-11-2025 11:19,P004,P022,SE,SE,326.27,false,false
06-11-2025 11:59,P020,P042,SE,EU4,1934.65,true,false
07-11-2025 12:21,P031,P017,SE,SE,1121.66,false,false
03-11-2025 09:53,P023,P044,SE,EU4,1869.41,true,false
03-11-2025 00:38,P036,P018,SE,EU4,2389.15,true,false
03-11-2025 09:32,P004,P029,SE,SE,318.25,false,false
01-11-2025 12:10,P002,P004,SE,SE,982.24,false,false
07-11-2025 02:23,P033,P058,SE,SE,640.57,false,false
06-11-2025 05:25,P049,P028,EU1,EU1,175.49,false,false
04-11-2025 21:26,P022,P042,SE,EU3,1165.17,true,false
06-11-2025 15:43,P014,P015,SE,EU1,164.23,true,false
03-11-2025 11:00,P015,P037,SE,SE,1830.32,false,false
01-11-2025 15:37,P011,P060,SE,SE,1671.5,false,false
07-11-2025 17:01,P001,P052,SE,SE,1655.57,false,false
06-11-2025 10:48,P032,P038,SE,SE,153.14,false,false
02-11-2025 10:29,P021,P010,EU3,EU2,918.58,true,false
07-11-2025 11:37,P024,P053,SE,SE,1345.42,false,false
02-11-2025 18:47,P055,P033,SE,EU4,885.27,true,false
05-11-2025 22:23,P051,P034,SE,SE,1433.82,false,false
07-11-2025 15:04,P056,P035,EU3,SE,1137.49,true,false
02-11-2025 12:34,P031,P002,SE,SE,712.05,false,false
07-11-2025 15:22,P050,P004,SE,EU5,849.57,true,false
05-11-2025 04:36,P008,P059,SE,EU2,1389.9,true,false
03-11-2025 22:40,P014,P046,EU3,SE,757.83,true,false
06-11-2025 22:17,P041,P032,SE,SE,688.28,false,false
06-11-2025 04:28,P008,P058,SE,EU2,98.59,true,false
07-11-2025 05:27,P011,P015,SE,SE,902.77,false,false
07-11-2025 08:52,P041,P029,SE,EU3,675.02,true,false
05-11-2025 21:27,P032,P006,SE,SE,2230.45,false,false
05-11-2025 03:58,P020,P015,SE,SE,4159.48,false,false
04-11-2025 07:43,P059,P008,SE,EU5,1460.16,true,false
07-11-2025 19:26,P020,P023,SE,EU2,726.07,true,false
06-11-2025 10:05,P043,P021,EU1,SE,533.94,true,false
03-11-2025 08:43,P017,P023,SE,EU4,4473.82,true,false
07-11-2025 01:41,P015,P018,SE,SE,2210.01,false,false
06-11-2025 12:43,P060,P008,SE,EU5,116.08,true,false
07-11-2025 19:04,P028,P040,EU4,SE,838.91,true,false
04-11-2025 13:46,P040,P047,SE,SE,3381.76,false,false
07-11-2025 22:08,P049,P039,SE,SE,1901.22,false,false
05-11-2025 13:00,P035,P020,EU1,SE,1882.7,true,false
07-11-2025 12:48,P015,P007,SE,EU1,3638.97,true,false
02-11-2025 13:24,P027,P051,EU1,SE,285.49,true,false
05-11-2025 18:43,P056,P046,SE,EU3,265.73,true,false
02-11-2025 08:55,P025,P050,SE,SE,1032.03,false,false
05-11-2025 16:29,P051,P036,SE,SE,4012.82,false,false
04-11-2025 12:00,P006,P057,SE,EU1,334.75,true,false
02-11-2025 00:27,P043,P040,SE,SE,749.76,false,false
02-11-2025 13:33,P059,P030,SE,EU2,996.05,true,false
03-11-2025 17:26,P059,P033,SE,SE,2000.2,false,false
02-11-2025 14:55,P059,P017,EU1,SE,3150.91,true,false
02-11-2025 05:01,P043,P060,EU5,EU3,495.63,true,false
07-11-2025 10:33,P058,P003,SE,SE,2493.81,false,false
03-11-2025 17:07,P021,P046,SE,SE,135.09,false,false
02-11-2025 03:04,P002,P008,SE,SE,2448.51,false,false
07-11-2025 00:32,P032,P033,EU4,SE,681.06,true,false
01-11-2025 08:35,P003,P033,SE,EU1,2136.21,true,false
04-11-2025 21:37,P043,P052,EU5,EU1,592.34,true,false
02-11-2025 17:29,P023,P025,EU2,SE,321.9,true,false
06-11-2025 01:26,P005,P006,EU1,SE,1378.3,true,false
06-11-2025 03:38,P051,P001,SE,EU2,558.81,true,false
04-11-2025 16:52,P044,P012,SE,SE,320.66,false,false
05-11-2025 05:17,P059,P004,SE,EU5,1355.72,true,false
02-11-2025 11:57,P057,P048,SE,SE,300.31,false,false
02-11-2025 04:30,P001,P011,SE,EU4,1619.13,true,false
01-11-2025 00:05,P036,P009,SE,SE,2009.26,false,false
01-11-2025 22:15,P023,P034,SE,SE,143.08,false,false
06-11-2025 06:56,P027,P012,SE,EU4,1180.8,true,false
06-11-2025 07:00,P008,P038,SE,SE,1701.0,false,false
06-11-2025 12:29,P020,P022,EU3,EU2,2551.53,true,false
02-11-2025 23:46,P034,P028,SE,EU4,699.72,true,false
04-11-2025 09:18,P013,P009,SE,SE,8928.9,false,true
04-11-2025 06:05,P030,P019,EU2,EU3,1391.04,true,false
07-11-2025 12:37,P043,P045,SE,EU1,303.82,true,false
06-11-2025 07:09,P030,P036,SE,SE,531.71,false,false
03-11-2025 20:33,P049,P047,SE,SE,536.38,false,false
04-11-2025 13:12,P047,P054,SE,EU2,605.23,true,false
01-11-2025 06:52,P058,P008,EU1,EU2,1737.42,true,false
04-11-2025 22:25,P040,P010,SE,SE,100.57,false,false
03-11-2025 06:07,P055,P007,EU1,SE,4005.16,true,false
03-11-2025 09:26,P028,P048,EU3,SE,975.98,true,false
05-11-2025 23:36,P060,P049,SE,SE,90.51,false,false
04-11-2025 05:56,P043,P024,SE,EU1,2093.83,true,false
07-11-2025 14:58,P048,P019,SE,SE,1850.3,false,false
07-11-2025 00:32,P031,P044,SE,SE,267.92,false,false
06-11-2025 13:42,P044,P041,SE,EU3,427.95,true,false
06-11-2025 15:01,P004,P047,SE,EU2,135.64,true,false
05-11-2025 21:19,P059,P015,SE,SE,2329.62,false,false
02-11-2025 23:09,P031,P028,EU4,SE,1150.0,true,false
01-11-2025 00:25,P038,P060,SE,SE,849.8,false,false
01-11-2025 09:03,P034,P022,SE,SE,2050.56,false,false
05-11-2025 19:25,P009,P035,EU5,EU1,516.4,true,false
05-11-2025 08:43,P041,P030,EU4,EU4,355.32,false,false
01-11-2025 11:34,P044,P037,SE,SE,2424.54,false,false
04-11-2025 00:46,P018,P043,SE,EU1,345.79,true,false
07-11-2025 08:29,P002,P020,EU1,EU5,1980.5,true,false
05-11-2025 17:27,P031,P017,SE,EU2,1455.25,true,false
07-11-2025 23:46,P007,P050,SE,EU2,11225.01,true,true
03-11-2025 10:06,P027,P006,EU2,SE,3008.05,true,false
05-11-2025 18:33,P020,P026,SE,SE,357.47,false,false
01-11-2025 04:48,P016,P021,SE,EU3,5942.83,true,false
01-11-2025 02:18,P056,P013,SE,SE,530.97,false,false
07-11-2025 13:46,P011,P022,SE,SE,92.4,false,false
05-11-2025 16:37,P059,P001,SE,EU1,391.5,true,false
02-11-2025 20:40,P052,P039,SE,EU3,1309.78,true,false
02-11-2025 08:27,P005,P058,SE,SE,1701.19,false,false
05-11-2025 01:17,P051,P040,SE,EU2,2006.17,true,false
06-11-2025 21:19,P056,P006,SE,SE,1521.1,false,false
02-11-2025 15:30,P003,P047,EU4,EU1,1056.42,true,false
06-11-2025 16:14,P052,P004,SE,SE,1800.66,false,false
05-11-2025 10:40,P035,P024,EU1,EU3,2552.44,true,false
06-11-2025 03:45,P014,P058,SE,SE,4220.53,false,false
04-11-2025 01:57,P044,P059,SE,SE,343.92,false,false
05-11-2025 04:35,P045,P020,EU4,EU5,588.31,true,false
05-11-2025 10:49,P038,P016,SE,EU5,2446.93,true,false
04-11-2025 19:44,P005,P009,SE,SE,3792.78,false,false
04-11-2025 21:31,P032,P037,SE,SE,307.54,false,false
02-11-2025 20:27,P005,P023,SE,SE,191.38,false,false
05-11-2025 02:53,P025,P022,SE,SE,2060.54,false,false
01-11-2025 01:55,P009,P053,SE,SE,444.14,false,false
03-11-2025 15:11,P010,P053,SE,SE,1968.94,false,false
07-11-2025 08:29,P037,P010,SE,EU2,2655.13,true,false
04-11-2025 03:37,P029,P038,SE,SE,7085.2,false,false
02-11-2025 04:31,P050,P037,EU3,SE,868.32,true,false
03-11-2025 11:35,P019,P051,SE,SE,3832.17,false,false
05-11-2025 15:59,P030,P029,SE,SE,1157.38,false,false
06-11-2025 17:43,P040,P038,SE,SE,402.77,false,false
04-11-2025 18:42,P021,P048,SE,SE,12250.01,false,true
03-11-2025 18:43,P030,P058,SE,EU5,1238.4,true,false
05-11-2025 14:05,P053,P054,SE,SE,2204.04,false,false
06-11-2025 05:36,P050,P035,SE,EU1,428.97,true,false
04-11-2025 14:48,P046,P050,SE,SE,1726.73,false,false
06-11-2025 05:10,P056,P039,SE,SE,671.4,false,false
01-11-2025 00:50,P005,P031,SE,EU2,321.48,true,false
05-11-2025 01:01,P017,P023,EU3,SE,264.58,true,false
02-11-2025 18:54,P029,P024,SE,SE,86.69,false,false
01-11-2025 11:13,P009,P005,SE,SE,7645.25,false,false
04-11-2025 14:55,P025,P001,SE,SE,1102.19,false,false
04-11-2025 16:03,P002,P050,SE,SE,1611.41,false,false
03-11-2025 17:07,P036,P008,EU3,SE,426.12,true,false
03-11-2025 03:52,P003,P052,SE,EU1,262.79,true,false
01-11-2025 15:57,P029,P047,SE,EU5,1050.3,true,false
03-11-2025 23:01,P046,P054,SE,SE,390.56,false,false
05-11-2025 09:53,P025,P024,EU3,SE,2216.35,true,false
07-11-2025 02:26,P030,P041,EU2,EU3,2021.55,true,false
03-11-2025 10:50,P005,P003,SE,SE,584.65,false,false
02-11-2025 16:57,P021,P034,SE,EU3,8632.09,true,true
03-11-2025 00:02,P046,P025,EU2,EU3,1938.71,true,false
03-11-2025 06:11,P018,P044,SE,SE,538.74,false,false
05-11-2025 19:08,P057,P048,EU3,SE,976.6,true,false
05-11-2025 22:58,P056,P003,SE,SE,1345.44,false,false
06-11-2025 11:57,P054,P042,SE,SE,3817.79,false,false
02-11-2025 00:06,P019,P023,SE,EU1,1814.23,true,false
07-11-2025 19:46,P033,P020,EU4,EU3,605.49,true,false
05-11-2025 03:46,P016,P015,SE,EU3,1313.02,true,false
04-11-2025 19:07,P019,P048,EU4,SE,589.75,true,false
04-11-2025 08:40,P027,P060,EU3,EU2,118.86,true,false
04-11-2025 08:07,P010,P054,SE,SE,2595.17,false,false
06-11-2025 08:10,P021,P060,SE,SE,14406.32,false,true
01-11-2025 13:03,P051,P015,SE,EU4,2015.15,true,false
04-11-2025 00:09,P059,P012,EU2,EU5,8387.2,true,true
01-11-2025 14:54,P040,P053,SE,SE,1001.78,false,false
01-11-2025 00:43,P004,P053,EU2,EU2,1059.58,false,false
02-11-2025 23:20,P028,P053,SE,EU1,1803.3,true,false
06-11-2025 04:06,P008,P003,SE,EU4,634.49,true,false
07-11-2025 11:44,P027,P013,EU2,SE,2072.89,true,false
06-11-2025 14:25,P030,P041,EU1,EU5,309.04,true,false
07-11-2025 10:48,P003,P021,SE,SE,648.13,false,false
04-11-2025 03:49,P054,P013,EU4,EU1,1342.22,true,false
05-11-2025 23:16,P042,P015,SE,SE,2394.8,false,false
06-11-2025 11:19,P011,P059,EU5,EU1,1934.96,true,false
07-11-2025 19:40,P055,P006,SE,EU1,1798.19,true,false
03-11-2025 12:47,P019,P016,EU4,SE,1467.01,true,false
06-11-2025 20:38,P057,P056,SE,SE,595.08,false,false
05-11-2025 21:28,P024,P010,EU2,SE,1732.88,true,false
02-11-2025 01:03,P037,P057,SE,EU1,202.88,true,false
05-11-2025 04:32,P044,P003,SE,SE,536.21,false,false
01-11-2025 04:35,P055,P038,SE,EU5,837.09,true,false
01-11-2025 15:07,P031,P008,SE,SE,969.19,false,false
07-11-2025 10:04,P029,P004,SE,SE,1167.65,false,false
07-11-2025 10:59,P009,P017,SE,EU3,1493.16,true,false
03-11-2025 13:29,P001,P052,SE,EU5,4371.31,true,false
07-11-2025 11:26,P043,P017,SE,SE,1089.25,false,false
06-11-2025 06:25,P041,P040,SE,SE,185.54,false,false
06-11-2025 08:44,P046,P002,SE,SE,1773.29,false,false
06-11-2025 15:26,P004,P050,SE,SE,602.66,false,false
06-11-2025 22:24,P037,P013,SE,EU1,2454.18,true,false
06-11-2025 23:49,P021,P008,SE,SE,3824.91,false,false
01-11-2025 10:13,P024,P008,EU4,SE,1199.42,true,false
04-11-2025 14:03,P018,P029,EU4,SE,5890.43,true,false
04-11-2025 20:33,P015,P022,SE,SE,420.04,false,false
06-11-2025 08:07,P015,P038,EU2,EU3,851.59,true,false
06-11-2025 04:38,P050,P056,SE,EU3,963.04,true,false
05-11-2025 08:25,P051,P032,SE,SE,1865.32,false,false
01-11-2025 12:06,P031,P023,EU1,SE,254.14,true,false
07-11-2025 11:25,P046,P018,EU1,SE,3164.33,true,false
07-11-2025 07:45,P058,P032,SE,EU1,1376.06,true,false
01-11-2025 14:44,P059,P017,SE,SE,2617.03,false,false
03-11-2025 17:50,P055,P059,SE,SE,508.92,false,false
03-11-2025 08:41,P009,P001,EU4,SE,1066.58,true,false
02-11-2025 11:52,P024,P012,EU1,EU1,1985.25,false,false
04-11-2025 06:58,P012,P018,EU5,SE,2491.02,true,false
06-11-2025 06:58,P003,P021,EU5,SE,862.42,true,false
04-11-2025 13:52,P028,P023,EU3,EU1,1595.0,true,false
02-11-2025 15:52,P056,P017,SE,EU3,798.18,true,false
05-11-2025 14:05,P031,P027,SE,SE,1356.13,false,false
04-11-2025 19:00,P037,P052,EU5,SE,1440.48,true,false
04-11-2025 02:48,P030,P015,SE,SE,1300.71,false,false
02-11-2025 17:14,P008,P034,EU1,EU1,196.49,false,false
06-11-2025 04:51,P023,P051,SE,EU1,463.06,true,false
05-11-2025 17:56,P058,P024,SE,EU3,477.7,true,false
05-11-2025 19:56,P043,P055,SE,SE,2199.21,false,false
02-11-2025 14:07,P045,P010,SE,SE,886.66,false,false
02-11-2025 18:15,P048,P042,SE,EU2,5850.37,true,false
05-11-2025 19:12,P055,P060,SE,EU2,3866.63,true,false
07-11-2025 05:10,P035,P015,SE,EU4,5026.6,true,false
07-11-2025 13:21,P007,P053,SE,SE,1352.95,false,false
05-11-2025 14:31,P040,P053,SE,SE,2640.06,false,false
04-11-2025 21:56,P018,P017,EU5,SE,3867.37,true,false
06-11-2025 04:51,P020,P044,SE,SE,825.86,false,false
03-11-2025 15:32,P006,P008,SE,EU2,758.97,true,false
06-11-2025 11:36,P003,P035,SE,SE,2378.23,false,false
05-11-2025 03:56,P027,P003,SE,EU3,142.94,true,false
02-11-2025 14:34,P044,P047,EU4,SE,1317.94,true,false
02-11-2025 09:57,P035,P032,SE,SE,1737.73,false,false
05-11-2025 16:24,P059,P052,SE,SE,804.76,false,false
03-11-2025 11:49,P020,P051,SE,SE,215.97,false,false
03-11-2025 10:15,P059,P056,SE,SE,1152.63,false,false
05-11-2025 18:59,P042,P026,SE,EU1,811.04,true,false
04-11-2025 08:52,P005,P007,SE,EU3,1485.43,true,false
07-11-2025 08:07,P041,P017,EU5,SE,2137.8,true,false
03-11-2025 08:25,P022,P016,SE,SE,1612.36,false,false
03-11-2025 04:40,P008,P030,SE,EU5,209.3,true,false
02-11-2025 21:12,P048,P005,SE,SE,1788.64,false,false
07-11-2025 10:38,P037,P033,SE,EU4,3139.9,true,false
02-11-2025 23:12,P028,P041,SE,SE,4131.23,false,false
06-11-2025 12:00,P036,P021,SE,EU4,1385.14,true,false
01-11-2025 19:11,P018,P030,EU5,EU1,659.27,true,false
03-11-2025 06:36,P021,P052,EU2,SE,3633.48,true,false
03-11-2025 20:35,P001,P014,SE,EU1,1095.52,true,false
01-11-2025 01:04,P059,P035,EU3,EU3,1109.19,false,false
04-11-2025 14:31,P005,P025,EU3,EU5,1904.49,true,false
03-11-2025 11:53,P008,P049,SE,EU4,301.66,true,false
07-11-2025 10:43,P025,P049,SE,EU3,3426.99,true,false
04-11-2025 00:06,P003,P056,SE,SE,1561.1,false,false
03-11-2025 14:24,P009,P020,SE,SE,1983.44,false,false
05-11-2025 12:44,P037,P021,SE,SE,369.36,false,false
03-11-2025 02:18,P008,P020,EU2,EU2,809.33,false,false
04-11-2025 05:02,P033,P021,SE,EU3,1926.17,true,false
02-11-2025 08:45,P053,P016,SE,SE,462.64,false,false
01-11-2025 23:38,P010,P018,SE,SE,2133.61,false,false
01-11-2025 03:29,P052,P035,SE,SE,732.37,false,false
03-11-2025 21:42,P023,P029,SE,EU5,650.63,true,false
03-11-2025 14:22,P058,P015,EU4,EU4,4076.95,false,false
02-11-2025 07:30,P048,P057,SE,SE,513.12,false,false
06-11-2025 18:56,P059,P023,EU5,SE,905.7,true,false
01-11-2025 19:00,P019,P021,SE,SE,2471.74,false,false
06-11-2025 19:19,P001,P035,EU5,EU4,211.03,true,false
01-11-2025 11:56,P028,P030,EU3,EU2,4091.56,true,false
01-11-2025 05:48,P006,P011,SE,SE,1568.81,false,false
01-11-2025 04:30,P017,P037,SE,EU1,3920.22,true,false
06-11-2025 07:59,P043,P029,EU2,EU1,1837.58,true,false
03-11-2025 00:40,P046,P020,EU5,SE,3274.6,true,false
05-11-2025 21:35,P022,P003,SE,EU4,2179.22,true,false
07-11-2025 00:56,P010,P005,EU5,SE,1886.89,true,false
04-11-2025 04:41,P028,P060,EU5,SE,708.08,true,false
02-11-2025 22:03,P027,P016,SE,EU2,65.16,true,false
02-11-2025 00:19,P004,P057,SE,EU4,4271.83,true,false
01-11-2025 12:12,P046,P041,SE,SE,127.37,false,false
04-11-2025 06:08,P001,P019,SE,EU2,1536.19,true,false
06-11-2025 15:13,P038,P058,SE,EU3,1855.53,true,false
04-11-2025 08:22,P023,P028,SE,SE,696.05,false,false
01-11-2025 10:30,P022,P051,SE,SE,1781.52,false,false
05-11-2025 13:18,P035,P022,EU5,SE,612.9,true,false
03-11-2025 18:54,P016,P019,SE,SE,195.72,false,false
03-11-2025 11:10,P014,P058,EU5,EU3,1677.06,true,false
02-11-2025 15:31,P045,P047,SE,SE,1158.34,false,false
04-11-2025 04:11,P004,P051,SE,SE,741.47,false,false
02-11-2025 23:25,P023,P019,SE,EU1,455.86,true,false
06-11-2025 03:10,P022,P047,EU2,SE,1842.58,true,false
05-11-2025 08:18,P039,P059,SE,SE,1497.24,false,false
04-11-2025 02:03,P052,P016,SE,SE,55.55,false,false
02-11-2025 00:34,P049,P017,SE,SE,1145.65,false,false
07-11-2025 01:40,P053,P058,EU1,EU4,4948.89,true,false
06-11-2025 10:51,P012,P055,EU4,EU1,3210.32,true,false
02-11-2025 07:12,P034,P016,SE,SE,2371.17,false,false
02-11-2025 21:45,P050,P020,SE,SE,2324.86,false,false
01-11-2025 15:23,P004,P019,SE,SE,4647.48,false,false
05-11-2025 19:07,P045,P025,SE,EU3,1654.36,true,false
03-11-2025 00:18,P033,P048,SE,SE,4014.09,false,false
06-11-2025 03:14,P028,P054,EU2,SE,2524.12,true,false
06-11-2025 09:25,P014,P046,EU4,EU4,2233.69,false,false
04-11-2025 10:07,P039,P058,SE,SE,2612.81,false,false
03-11-2025 08:23,P032,P037,SE,EU1,768.63,true,false
02-11-2025 07:10,P016,P036,SE,SE,2977.63,false,false
01-11-2025 13:59,P013,P056,EU1,EU1,128.15,false,false
01-11-2025 21:46,P053,P020,SE,EU3,275.83,true,false
02-11-2025 00:58,P005,P026,SE,EU3,5625.31,true,false
06-11-2025 11:59,P009,P021,EU2,EU2,363.52,false,false
06-11-2025 22:44,P034,P022,SE,SE,1153.72,false,false
04-11-2025 04:30,P056,P034,SE,SE,212.53,false,false
04-11-2025 21:09,P017,P021,SE,EU2,938.27,true,false
02-11-2025 12:22,P013,P036,SE,SE,827.91,false,false
01-11-2025 21:47,P001,P007,EU4,EU2,144.96,true,false
01-11-2025 22:57,P057,P045,EU2,SE,1118.03,true,false
02-11-2025 00:55,P040,P058,SE,SE,274.3,false,false
03-11-2025 21:46,P025,P031,EU2,SE,5361.31,true,false
01-11-2025 15:17,P046,P041,SE,SE,2097.65,false,false
06-11-2025 18:55,P042,P032,SE,SE,922.69,false,false
05-11-2025 18:26,P035,P046,SE,EU3,1464.43,true,false
02-11-2025 11:50,P042,P008,SE,SE,926.0,false,false
07-11-2025 23:47,P031,P055,SE,SE,3119.68,false,false
02-11-2025 10:26,P037,P057,SE,SE,288.37,false,false
02-11-2025 08:04,P045,P041,SE,SE,2306.46,false,false
03-11-2025 15:23,P025,P010,SE,SE,681.07,false,false
06-11-2025 20:07,P042,P012,SE,SE,4514.88,false,false
01-11-2025 05:20,P045,P006,EU1,EU3,2029.96,true,false
05-11-2025 17:04,P048,P046,SE,EU3,1709.74,true,false
03-11-2025 07:50,P024,P038,SE,EU2,607.39,true,false
05-11-2025 08:29,P048,P041,EU2,EU3,1623.39,true,false
07-11-2025 17:52,P041,P004,EU1,EU2,280.81,true,false
05-11-2025 02:29,P049,P011,EU3,SE,2212.14,true,false
06-11-2025 14:49,P048,P016,SE,EU4,301.55,true,false
06-11-2025 14:17,P006,P008,EU3,EU3,3499.57,false,false
05-11-2025 07:43,P051,P031,SE,EU2,383.58,true,false
01-11-2025 02:27,P052,P001,SE,SE,218.14,false,false
06-11-2025 09:25,P037,P047,SE,SE,1271.41,false,false
05-11-2025 12:44,P004,P035,SE,EU4,322.7,true,false
05-11-2025 18:43,P031,P002,EU1,EU3,266.91,true,false
06-11-2025 09:01,P013,P020,SE,EU2,2097.94,true,false
03-11-2025 19:06,P043,P032,EU5,SE,4090.48,true,false
04-11-2025 07:02,P048,P021,SE,SE,1173.32,false,false
05-11-2025 21:45,P035,P031,SE,EU4,2896.14,true,false
06-11-2025 17:25,P010,P029,SE,EU3,2964.8,true,false
01-11-2025 06:50,P051,P012,SE,SE,4420.0,false,false
04-11-2025 06:58,P049,P031,SE,SE,728.21,false,false
02-11-2025 00:13,P008,P038,SE,EU4,630.93,true,false
02-11-2025 18:40,P046,P040,SE,SE,805.26,false,false
07-11-2025 20:14,P016,P047,SE,EU2,759.21,true,false
04-11-2025 09:11,P022,P017,SE,EU2,4383.31,true,false
07-11-2025 04:39,P057,P046,SE,SE,3157.22,false,false
03-11-2025 13:07,P025,P018,SE,EU3,2236.45,true,false
06-11-2025 04:26,P053,P054,EU3,SE,770.15,true,false
05-11-2025 04:54,P051,P016,SE,EU1,2097.4,true,false
02-11-2025 19:09,P020,P023,SE,SE,69.26,false,false
07-11-2025 04:42,P028,P025,EU3,EU1,830.75,true,false
07-11-2025 12:44,P011,P004,SE,EU2,70.97,true,false
06-11-2025 10:17,P039,P021,SE,SE,185.73,false,false
05-11-2025 20:29,P021,P024,SE,EU5,76.4,true,false
06-11-2025 23:47,P044,P032,SE,EU1,1064.23,true,false
03-11-2025 16:55,P053,P007,SE,SE,2405.78,false,false
04-11-2025 01:41,P030,P031,EU2,SE,1437.23,true,false
03-11-2025 23:03,P042,P026,SE,SE,132.91,false,false
07-11-2025 06:22,P035,P026,SE,EU4,574.21,true,false
01-11-2025 02:04,P022,P004,SE,SE,565.2,false,false
03-11-2025 08:37,P056,P046,SE,SE,397.91,false,false
05-11-2025 12:30,P055,P032,EU4,SE,295.53,true,false
06-11-2025 07:12,P048,P029,SE,SE,2145.7,false,false
05-11-2025 08:26,P013,P021,SE,SE,809.34,false,false
04-11-2025 06:41,P050,P013,EU5,SE,819.49,true,false
03-11-2025 00:49,P031,P007,SE,EU1,306.54,true,false
05-11-2025 03:13,P036,P008,SE,SE,937.17,false,false
06-11-2025 05:30,P014,P026,SE,EU4,1529.45,true,false
07-11-2025 04:34,P029,P028,SE,EU5,556.61,true,false
04-11-2025 06:46,P053,P055,SE,EU1,1270.96,true,false
04-11-2025 01:13,P022,P058,EU5,EU2,391.5,true,false
02-11-2025 16:26,P011,P037,SE,SE,899.07,false,false
06-11-2025 00:10,P029,P054,EU3,EU1,201.86,true,false
05-11-2025 05:40,P038,P005,SE,EU4,2994.02,true,false
04-11-2025 08:52,P039,P027,SE,SE,1905.98,false,false
03-11-2025 12:16,P003,P009,SE,SE,199.2,false,false
02-11-2025 21:38,P002,P039,SE,SE,574.93,false,false
06-11-2025 10:28,P043,P037,SE,EU5,496.11,true,false
05-11-2025 17:33,P010,P056,SE,EU1,885.94,true,false
02-11-2025 02:45,P060,P050,SE,EU2,1538.95,true,false
03-11-2025 23:08,P031,P037,SE,SE,4337.55,false,false
06-11-2025 19:16,P054,P048,SE,EU1,1387.94,true,false
05-11-2025 10:51,P058,P016,EU5,EU5,1918.0,false,false
07-11-2025 22:29,P046,P004,SE,EU5,4882.62,true,false
02-11-2025 12:49,P003,P037,EU5,SE,841.42,true,false
05-11-2025 02:21,P031,P024,SE,SE,268.56,false,false
07-11-2025 21:30,P019,P048,SE,EU1,4474.15,true,false
03-11-2025 06:45,P056,P001,EU2,SE,1630.86,true,false
04-11-2025 03:54,P001,P015,EU3,EU5,3023.67,true,false
03-11-2025 00:59,P012,P035,SE,SE,3023.74,false,false
04-11-2025 21:09,P029,P030,EU5,EU5,2282.89,false,false
04-11-2025 12:59,P057,P012,SE,EU2,1145.05,true,false
04-11-2025 03:18,P058,P060,SE,SE,1483.15,false,false
05-11-2025 12:14,P017,P049,SE,EU3,4835.76,true,false
04-11-2025 08:37,P021,P039,SE,EU5,5217.18,true,false
07-11-2025 11:47,P023,P052,SE,SE,1219.56,false,false
06-11-2025 00:51,P056,P018,EU1,SE,968.71,true,false
06-11-2025 02:42,P045,P030,SE,SE,1278.1,false,false
01-11-2025 02:36,P060,P050,SE,EU3,2309.77,true,false
01-11-2025 02:12,P020,P015,SE,SE,220.8,false,false
05-11-2025 13:12,P013,P037,SE,SE,4117.46,false,false
03-11-2025 11:51,P002,P030,SE,SE,1184.71,false,false
02-11-2025 14:19,P001,P037,EU2,SE,826.44,true,false
07-11-2025 07:13,P028,P002,EU4,SE,862.22,true,false
05-11-2025 22:45,P034,P013,SE,EU1,635.75,true,false
04-11-2025 18:06,P055,P058,SE,SE,1224.92,false,false
01-11-2025 21:10,P024,P031,SE,SE,1067.98,false,false
01-11-2025 12:48,P011,P039,SE,EU5,197.04,true,false
01-11-2025 13:33,P056,P012,SE,EU4,1275.19,true,false
01-11-2025 07:35,P005,P060,SE,SE,308.49,false,false
05-11-2025 02:42,P008,P018,SE,SE,3088.62,false,false
03-11-2025 07:33,P044,P002,SE,SE,889.21,false,false
07-11-2025 16:06,P015,P036,SE,SE,556.32,false,false
03-11-2025 07:13,P034,P007,SE,SE,3070.4,false,false
04-11-2025 14:27,P010,P055,EU2,SE,452.71,true,false
01-11-2025 19:59,P003,P050,EU2,SE,1218.37,true,false
02-11-2025 15:59,P056,P042,SE,EU4,105.03,true,false
05-11-2025 05:38,P028,P020,EU5,EU4,2002.61,true,false
02-11-2025 21:17,P051,P012,SE,SE,828.26,false,false
04-11-2025 12:36,P023,P042,EU5,SE,695.54,true,false
03-11-2025 02:24,P041,P019,EU3,EU3,549.13,false,false
05-11-2025 01:27,P038,P003,SE,SE,839.17,false,false
05-11-2025 01:09,P045,P021,SE,EU1,516.04,true,false
03-11-2025 20:02,P046,P044,SE,SE,1024.82,false,false
05-11-2025 17:16,P018,P050,EU5,EU5,3626.52,false,false
03-11-2025 09:58,P027,P054,SE,EU2,3205.04,true,false
03-11-2025 04:12,P032,P026,EU1,SE,264.73,true,false
02-11-2025 19:22,P026,P050,SE,EU2,216.08,true,false
01-11-2025 11:15,P042,P013,SE,SE,1162.43,false,false
02-11-2025 20:41,P006,P041,SE,EU4,867.6,true,false
04-11-2025 02:48,P059,P023,EU3,SE,2961.29,true,false
07-11-2025 21:04,P041,P059,SE,SE,2577.51,false,false
07-11-2025 06:09,P043,P054,SE,SE,267.14,false,false
06-11-2025 13:54,P026,P043,SE,EU5,127.16,true,false
07-11-2025 16:51,P001,P034,EU3,SE,61.79,true,false
05-11-2025 15:59,P052,P026,SE,SE,1285.44,false,false
04-11-2025 17:28,P003,P059,SE,EU3,1119.85,true,false
07-11-2025 02:16,P023,P029,SE,SE,2425.15,false,false
06-11-2025 16:33,P029,P045,EU5,SE,3097.8,true,false
05-11-2025 06:36,P007,P042,SE,SE,7844.69,false,true
03-11-2025 10:03,P008,P014,EU1,SE,236.88,true,false
05-11-2025 04:42,P030,P045,SE,EU3,4532.93,true,false
03-11-2025 12:47,P043,P024,SE,EU4,1951.93,true,false
02-11-2025 22:26,P030,P002,SE,SE,958.96,false,false
01-11-2025 12:08,P024,P027,SE,SE,2692.99,false,false
04-11-2025 09:42,P001,P052,EU4,SE,2369.81,true,false
01-11-2025 12:11,P047,P041,SE,EU1,60.26,true,false
05-11-2025 09:07,P010,P059,SE,SE,333.99,false,false
05-11-2025 23:18,P021,P007,EU4,EU4,1437.98,false,false
05-11-2025 12:02,P004,P033,SE,EU1,1571.66,true,false
07-11-2025 18:56,P025,P022,SE,EU5,1009.24,true,false
03-11-2025 00:18,P050,P048,SE,SE,1614.99,false,false
06-11-2025 06:46,P040,P021,SE,SE,518.41,false,false
04-11-2025 00:12,P036,P009,EU5,SE,940.14,true,false
04-11-2025 15:12,P013,P051,SE,SE,1653.82,false,false
02-11-2025 23:19,P044,P038,SE,SE,923.32,false,false
06-11-2025 01:40,P010,P011,SE,SE,1740.8,false,false
07-11-2025 04:47,P040,P054,SE,SE,67.44,false,false
02-11-2025 01:07,P011,P056,SE,SE,575.05,false,false
06-11-2025 13:48,P034,P002,EU5,SE,11807.58,true,true
04-11-2025 05:36,P040,P039,EU1,SE,3339.11,true,false
04-11-2025 15:56,P027,P038,SE,EU5,2126.17,true,false
05-11-2025 09:51,P050,P043,SE,EU4,3982.63,true,false
02-11-2025 11:25,P003,P020,SE,SE,724.09,false,false
05-11-2025 18:54,P060,P055,EU4,EU3,1607.82,true,false
07-11-2025 06:01,P057,P046,SE,SE,612.48,false,false
07-11-2025 12:43,P007,P045,SE,EU2,2346.88,true,false
02-11-2025 17:21,P012,P051,SE,EU2,2331.05,true,false
02-11-2025 01:29,P018,P024,SE,SE,1828.46,false,false
02-11-2025 19:02,P051,P003,SE,SE,540.19,false,false
07-11-2025 03:23,P035,P023,EU2,SE,413.87,true,false
02-11-2025 08:08,P060,P040,EU1,EU2,1068.71,true,false
02-11-2025 09:13,P009,P031,SE,SE,858.9,false,false
05-11-2025 00:16,P055,P007,SE,EU4,2523.03,true,false
06-11-2025 21:11,P055,P008,SE,SE,751.31,false,false
06-11-2025 13:07,P008,P016,EU5,SE,273.79,true,false
03-11-2025 11:21,P032,P016,SE,EU5,1466.43,true,false
07-11-2025 11:52,P026,P017,SE,EU2,1163.28,true,false
04-11-2025 12:37,P032,P039,SE,SE,1435.12,false,false
02-11-2025 23:10,P020,P040,EU5,SE,3423.31,true,false
05-11-2025 15:56,P057,P005,EU3,EU1,1477.24,true,false
05-11-2025 01:53,P051,P021,SE,EU3,447.77,true,false
01-11-2025 23:07,P059,P022,SE,EU2,252.82,true,false
03-11-2025 23:45,P043,P012,SE,SE,3116.63,false,false
05-11-2025 06:38,P015,P056,EU1,EU4,391.49,true,false
03-11-2025 01:05,P049,P007,SE,SE,518.8,false,false
05-11-2025 05:34,P027,P034,EU1,EU5,5500.18,true,false
07-11-2025 20:41,P006,P047,SE,SE,1368.75,false,false
04-11-2025 10:34,P035,P002,EU1,SE,1572.01,true,false
04-11-2025 22:29,P029,P021,EU3,EU2,486.91,true,false
07-11-2025 11:17,P048,P008,EU3,SE,1290.13,true,false
05-11-2025 06:37,P011,P028,EU2,SE,87.42,true,false
04-11-2025 08:52,P059,P024,SE,SE,80.41,false,false
03-11-2025 07:39,P043,P059,EU3,SE,108.85,true,false
07-11-2025 21:37,P056,P026,SE,SE,1586.09,false,false
05-11-2025 23:56,P012,P011,SE,SE,2538.75,false,false
06-11-2025 04:27,P002,P007,SE,SE,700.82,false,false
05-11-2025 14:43,P044,P042,SE,SE,6019.2,false,false
01-11-2025 18:26,P055,P051,SE,EU3,830.15,true,false
05-11-2025 03:25,P057,P019,SE,SE,237.51,false,false
03-11-2025 05:50,P042,P034,EU5,EU2,710.77,true,false
01-11-2025 12:46,P023,P008,EU1,SE,497.42,true,false
04-11-2025 02:46,P027,P054,SE,EU5,518.77,true,false
02-11-2025 08:13,P007,P050,SE,SE,1024.09,false,false
07-11-2025 14:53,P016,P032,SE,SE,612.18,false,false
02-11-2025 20:34,P026,P021,SE,SE,168.82,false,false
02-11-2025 14:05,P060,P017,EU1,SE,78.28,true,false
03-11-2025 17:48,P058,P048,SE,EU3,690.51,true,false
02-11-2025 00:28,P038,P033,SE,SE,3622.72,false,false
04-11-2025 06:39,P003,P030,SE,EU1,1260.15,true,false
02-11-2025 17:10,P023,P012,SE,EU1,695.3,true,false
07-11-2025 15:10,P035,P044,SE,EU1,3077.76,true,false
01-11-2025 13:45,P011,P006,SE,EU2,714.99,true,false
02-11-2025 22:26,P020,P010,SE,EU5,2718.39,true,false
02-11-2025 09:41,P015,P053,SE,EU1,2335.5,true,false
05-11-2025 18:23,P006,P012,SE,SE,3236.34,false,false
03-11-2025 02:00,P007,P030,SE,EU5,1239.56,true,false
03-11-2025 10:40,P045,P011,SE,EU4,1045.79,true,false
06-11-2025 23:20,P012,P022,SE,EU1,440.19,true,false
05-11-2025 17:44,P028,P038,SE,EU3,5745.6,true,false
06-11-2025 01:00,P049,P028,SE,EU2,2234.29,true,false
03-11-2025 19:57,P028,P042,EU5,EU1,1144.73,true,false
07-11-2025 01:29,P054,P023,EU5,EU5,2876.95,false,false
07-11-2025 02:06,P047,P023,EU3,EU1,2463.55,true,false
06-11-2025 10:12,P040,P030,SE,EU1,727.3,true,false
07-11-2025 11:43,P044,P003,SE,SE,891.93,false,false
05-11-2025 00:01,P041,P018,SE,SE,1349.0,false,false
02-11-2025 20:29,P020,P023,SE,SE,3751.37,false,false
05-11-2025 21:18,P011,P004,SE,EU1,1424.83,true,false
06-11-2025 07:44,P006,P009,SE,EU5,1340.13,true,false
03-11-2025 14:27,P025,P021,SE,SE,3056.56,false,false
07-11-2025 17:39,P018,P027,EU5,SE,4988.78,true,false
01-11-2025 13:28,P010,P001,EU1,EU3,164.31,true,false
06-11-2025 16:05,P037,P033,SE,SE,182.49,false,false
03-11-2025 19:35,P039,P043,SE,EU1,4544.83,true,false
05-11-2025 20:43,P014,P053,SE,SE,6571.33,false,false
07-11-2025 23:41,P028,P056,SE,SE,599.33,false,false
04-11-2025 16:20,P032,P009,SE,SE,1677.25,false,false
04-11-2025 14:55,P011,P010,EU3,SE,655.78,true,false
01-11-2025 07:20,P058,P007,EU2,SE,357.41,true,false
02-11-2025 07:40,P009,P059,EU2,SE,119.34,true,false
06-11-2025 05:43,P033,P010,EU2,SE,946.21,true,false
04-11-2025 15:55,P043,P048,SE,EU4,2743.59,true,false
06-11-2025 15:09,P039,P026,SE,SE,1107.93,false,false
04-11-2025 20:36,P014,P038,SE,EU1,114.32,true,false
05-11-2025 00:02,P055,P038,SE,EU5,959.85,true,false
07-11-2025 01:07,P057,P059,SE,EU5,676.06,true,false
04-11-2025 02:39,P014,P037,EU3,EU2,2217.0,true,false
07-11-2025 18:59,P003,P043,SE,SE,4132.99,false,false
06-11-2025 21:55,P028,P040,SE,SE,2089.45,false,false
04-11-2025 10:39,P060,P007,SE,SE,1129.73,false,false
02-11-2025 19:46,P052,P039,EU4,SE,1272.8,true,false
07-11-2025 10:37,P007,P027,SE,SE,3368.36,false,false
06-11-2025 09:27,P034,P036,EU2,SE,1212.33,true,false
03-11-2025 12:40,P004,P020,SE,EU2,227.28,true,false
04-11-2025 06:55,P012,P050,SE,SE,340.92,false,false
07-11-2025 11:46,P042,P024,SE,EU4,288.51,true,false
05-11-2025 22:46,P012,P036,SE,EU2,73.91,true,false
06-11-2025 02:54,P010,P056,SE,EU1,2252.19,true,false
01-11-2025 06:25,P003,P052,SE,SE,981.36,false,false
05-11-2025 22:00,P017,P044,SE,SE,582.63,false,false
01-11-2025 08:31,P009,P059,EU5,EU3,1036.76,true,false
02-11-2025 20:16,P021,P008,EU1,SE,59.32,true,false
04-11-2025 05:10,P038,P003,SE,SE,2563.6,false,false
01-11-2025 09:55,P013,P050,SE,SE,337.23,false,false
01-11-2025 00:21,P021,P024,SE,EU3,3749.38,true,false
02-11-2025 15:23,P051,P002,SE,EU5,637.53,true,false
07-11-2025 20:17,P029,P006,SE,SE,306.59,false,false
07-11-2025 20:41,P047,P035,SE,EU4,140.57,true,false
02-11-2025 00:32,P030,P010,SE,EU4,582.42,true,false
03-11-2025 09:44,P020,P051,SE,SE,121.21,false,false
06-11-2025 03:35,P007,P059,SE,SE,1332.02,false,false
02-11-2025 00:47,P020,P046,SE,SE,2661.19,false,false
05-11-2025 13:40,P043,P044,SE,EU1,2097.7,true,false
07-11-2025 10:45,P027,P023,SE,SE,173.05,false,false
04-11-2025 07:36,P001,P039,SE,SE,786.05,false,false
07-11-2025 20:16,P020,P011,SE,SE,1995.08,false,false
02-11-2025 04:40,P012,P024,EU1,SE,1206.17,true,false
07-11-2025 22:26,P055,P005,SE,SE,948.62,false,false
05-11-2025 08:45,P048,P023,EU1,EU4,136.24,true,false
01-11-2025 08:11,P022,P048,EU1,SE,620.68,true,false
02-11-2025 10:27,P045,P059,SE,SE,417.68,false,false
02-11-2025 22:25,P059,P027,SE,SE,241.4,false,false
07-11-2025 05:25,P040,P018,EU3,SE,987.7,true,false
06-11-2025 19:23,P002,P035,SE,SE,511.87,false,false
01-11-2025 23:09,P056,P019,SE,SE,844.07,false,false
02-11-2025 18:16,P055,P040,EU3,EU5,112.55,true,false
06-11-2025 11:01,P041,P054,SE,SE,1529.79,false,false
04-11-2025 05:22,P049,P057,EU4,SE,180.1,true,false
02-11-2025 23:53,P058,P002,SE,SE,470.94,false,false
02-11-2025 14:36,P025,P040,EU3,SE,334.69,true,false
04-11-2025 11:46,P057,P020,SE,EU3,803.16,true,false
02-11-2025 10:51,P047,P033,SE,SE,5033.22,false,false
07-11-2025 04:07,P019,P046,SE,SE,517.33,false,false
04-11-2025 17:52,P056,P050,SE,SE,343.05,false,false
04-11-2025 21:18,P026,P015,EU1,SE,1028.68,true,false
06-11-2025 19:06,P001,P037,SE,SE,2479.66,false,false
06-11-2025 21:13,P043,P018,EU2,EU1,974.22,true,false
01-11-2025 10:54,P014,P021,SE,SE,593.98,false,false
07-11-2025 06:29,P024,P015,SE,EU5,1445.75,true,false
05-11-2025 13:09,P032,P019,EU4,SE,485.31,true,false
01-11-2025 17:17,P005,P009,SE,SE,152.48,false,false
07-11-2025 10:57,P039,P001,SE,SE,980.57,false,false
04-11-2025 11:48,P015,P019,SE,SE,3652.16,false,false
01-11-2025 01:02,P056,P010,SE,SE,809.31,false,false
01-11-2025 21:48,P004,P032,SE,SE,838.97,false,false
05-11-2025 11:49,P055,P019,SE,EU3,2359.81,true,false
05-11-2025 16:15,P024,P039,EU4,EU2,1015.73,true,false
01-11-2025 09:09,P024,P041,SE,SE,3055.92,false,false
03-11-2025 12:46,P044,P052,SE,EU3,1871.52,true,false
03-11-2025 14:53,P035,P024,EU1,SE,1638.55,true,false
02-11-2025 07:52,P032,P058,SE,EU4,1323.43,true,false
03-11-2025 18:04,P032,P026,EU2,SE,1539.46,true,false
04-11-2025 20:20,P038,P036,SE,SE,196.13,false,false
01-11-2025 11:07,P036,P038,SE,EU2,199.1,true,false
03-11-2025 14:19,P051,P049,EU3,EU5,972.96,true,false
01-11-2025 17:00,P016,P012,SE,EU2,3752.81,true,false
03-11-2025 13:38,P016,P019,EU2,EU5,326.78,true,false
03-11-2025 01:23,P019,P022,SE,SE,1066.76,false,false
03-11-2025 06:17,P025,P015,EU5,SE,895.9,true,false
01-11-2025 04:11,P051,P055,SE,EU3,1122.52,true,false
03-11-2025 08:56,P007,P032,SE,SE,2417.88,false,false
04-11-2025 21:58,P016,P053,SE,SE,198.6,false,false
01-11-2025 07:24,P056,P053,SE,SE,654.38,false,false
07-11-2025 03:26,P042,P010,SE,SE,104.6,false,false
01-11-2025 13:20,P045,P014,EU3,EU2,576.88,true,false
02-11-2025 04:16,P008,P031,SE,EU3,1396.85,true,false
05-11-2025 16:48,P012,P042,SE,SE,3064.52,false,false
02-11-2025 23:01,P034,P008,EU5,EU3,630.78,true,false
06-11-2025 10:42,P010,P045,SE,SE,1896.0,false,false
07-11-2025 22:54,P002,P007,SE,SE,1160.39,false,false
04-11-2025 21:07,P002,P035,SE,SE,1963.33,false,false
03-11-2025 15:45,P059,P023,SE,SE,6099.18,false,false
06-11-2025 09:13,P019,P057,SE,SE,55.58,false,false
07-11-2025 10:00,P037,P006,SE,EU3,1030.24,true,false
05-11-2025 14:31,P029,P056,SE,SE,1226.65,false,false
05-11-2025 23:53,P054,P060,SE,EU1,501.27,true,false
01-11-2025 14:16,P054,P048,SE,SE,751.06,false,false
05-11-2025 09:15,P017,P035,EU5,EU2,73.65,true,false
01-11-2025 15:57,P030,P031,SE,EU1,6123.63,true,false
06-11-2025 21:14,P010,P003,SE,EU5,1121.36,true,false
01-11-2025 03:40,P012,P021,SE,SE,5249.25,false,false
02-11-2025 16:41,P028,P018,SE,EU3,461.35,true,false
05-11-2025 14:45,P003,P017,SE,EU2,934.02,true,false
05-11-2025 20:23,P056,P023,SE,EU2,4370.08,true,false
07-11-2025 10:53,P050,P034,SE,SE,519.04,false,false
06-11-2025 03:16,P017,P014,SE,SE,1202.67,false,false
07-11-2025 18:15,P042,P012,EU4,SE,3494.96,true,false
04-11-2025 21:47,P019,P034,EU5,EU1,7155.56,true,true
03-11-2025 19:02,P029,P009,EU3,EU5,2111.24,true,false
05-11-2025 09:15,P031,P039,SE,EU1,1419.99,true,false
05-11-2025 09:23,P032,P051,SE,EU3,2198.6,true,false
05-11-2025 21:00,P030,P058,SE,SE,120.47,false,false
04-11-2025 12:04,P027,P036,SE,SE,348.25,false,false
06-11-2025 21:42,P014,P038,SE,EU4,2740.55,true,false
03-11-2025 03:14,P058,P040,SE,SE,5822.24,false,false
05-11-2025 13:59,P027,P045,SE,SE,6228.12,false,false
01-11-2025 18:36,P059,P050,SE,SE,3675.51,false,false
05-11-2025 09:42,P054,P031,SE,SE,1890.44,false,false
01-11-2025 07:11,P005,P041,SE,SE,94.65,false,false
05-11-2025 21:06,P048,P051,SE,EU3,1046.12,true,false
03-11-2025 15:55,P040,P024,EU2,SE,697.87,true,false
06-11-2025 14:19,P049,P030,SE,EU3,942.1,true,false
01-11-2025 18:08,P001,P032,EU1,SE,6631.21,true,false
04-11-2025 17:40,P037,P026,SE,EU5,332.74,true,false
01-11-2025 16:27,P036,P059,SE,EU5,8664.92,true,true
02-11-2025 22:05,P003,P001,SE,EU4,1008.99,true,false
01-11-2025 04:08,P047,P060,SE,SE,300.92,false,false
07-11-2025 15:53,P049,P047,SE,SE,3166.48,false,false
02-11-2025 21:11,P013,P005,SE,SE,1307.82,false,false
01-11-2025 07:12,P024,P014,EU1,EU2,263.81,true,false
05-11-2025 09:01,P005,P018,EU1,EU5,5770.99,true,false
01-11-2025 11:54,P043,P010,SE,EU2,186.36,true,false
01-11-2025 23:12,P059,P052,EU1,SE,70.58,true,false
07-11-2025 12:22,P056,P012,SE,EU3,307.24,true,false
06-11-2025 20:38,P041,P037,SE,EU4,1258.52,true,false
04-11-2025 22:19,P060,P001,EU5,SE,1955.98,true,false
04-11-2025 10:26,P018,P043,EU5,EU5,1499.98,false,false
05-11-2025 03:15,P055,P031,SE,SE,1641.14,false,false
07-11-2025 19:07,P034,P048,SE,SE,1922.11,false,false
04-11-2025 12:53,P026,P011,SE,SE,467.2,false,false
05-11-2025 00:47,P051,P033,SE,SE,575.62,false,false
01-11-2025 22:54,P037,P035,SE,EU1,2107.46,true,false
03-11-2025 12:48,P055,P050,EU3,EU4,226.87,true,false
03-11-2025 07:51,P026,P033,EU5,SE,511.31,true,false
04-11-2025 14:25,P029,P041,EU1,EU5,1238.67,true,false
02-11-2025 10:45,P059,P050,EU2,SE,1597.35,true,false
06-11-2025 04:02,P003,P060,SE,EU2,367.33,true,false
07-11-2025 12:13,P034,P027,EU2,EU4,3860.15,true,false
03-11-2025 07:30,P018,P047,SE,SE,1343.95,false,false
04-11-2025 15:06,P042,P045,SE,EU5,1326.34,true,false
05-11-2025 08:29,P047,P003,SE,SE,2566.53,false,false
04-11-2025 06:11,P009,P042,SE,EU5,892.31,true,false
03-11-2025 11:52,P023,P046,EU1,EU5,3056.49,true,false
03-11-2025 08:02,P027,P024,EU1,SE,1646.59,true,false
01-11-2025 07:13,P055,P021,EU3,EU3,866.89,false,false
05-11-2025 20:10,P046,P053,SE,SE,1423.21,false,false
01-11-2025 04:32,P056,P045,SE,SE,402.0,false,false
01-11-2025 20:43,P042,P026,EU3,EU1,7354.0,true,true
01-11-2025 00:47,P057,P019,EU5,SE,3924.45,true,false
02-11-2025 01:54,P005,P010,SE,SE,1845.05,false,false
03-11-2025 02:17,P057,P001,SE,EU3,1146.06,true,false
07-11-2025 10:01,P050,P007,SE,SE,1896.76,false,false
06-11-2025 06:06,P033,P057,SE,SE,2028.63,false,false
04-11-2025 09:46,P052,P032,EU4,SE,736.91,true,false
04-11-2025 01:13,P040,P013,EU2,EU4,804.22,true,false
02-11-2025 01:43,P037,P059,SE,SE,612.93,false,false
04-11-2025 05:12,P047,P024,EU5,EU4,1975.23,true,false
04-11-2025 22:03,P003,P007,EU1,EU1,1331.29,false,false
01-11-2025 19:34,P021,P060,SE,EU2,1601.6,true,false
01-11-2025 18:47,P021,P023,SE,SE,1006.3,false,false
06-11-2025 09:00,P028,P050,SE,SE,1394.4,false,false
03-11-2025 22:39,P018,P024,SE,SE,795.65,false,false
02-11-2025 21:21,P060,P025,SE,SE,1183.25,false,false
04-11-2025 15:40,P007,P037,SE,EU2,11156.82,true,true
01-11-2025 08:03,P027,P058,EU2,SE,75.3,true,false
02-11-2025 09:15,P023,P024,SE,SE,233.99,false,false
04-11-2025 21:04,P058,P027,SE,EU1,2205.61,true,false
04-11-2025 15:44,P033,P046,SE,EU3,803.72,true,false
06-11-2025 13:29,P009,P006,EU5,SE,452.98,true,false
07-11-2025 13:18,P026,P041,SE,SE,1167.95,false,false
02-11-2025 09:35,P002,P001,SE,SE,598.84,false,false
02-11-2025 12:49,P031,P010,SE,EU5,1824.63,true,false
03-11-2025 10:29,P038,P010,EU5,SE,805.51,true,false
04-11-2025 12:54,P024,P028,SE,EU4,1165.89,true,false
05-11-2025 19:18,P053,P025,EU1,SE,85.81,true,false
03-11-2025 15:00,P058,P018,EU3,SE,1346.82,true,false
02-11-2025 02:32,P051,P007,EU1,EU3,401.7,true,false
07-11-2025 11:43,P003,P025,SE,SE,1908.5,false,false
03-11-2025 23:44,P020,P060,SE,SE,371.22,false,false
07-11-2025 09:35,P024,P012,SE,EU5,1252.39,true,false
07-11-2025 14:17,P022,P056,EU2,EU3,126.17,true,false
02-11-2025 09:52,P028,P010,EU3,EU2,628.26,true,false
05-11-2025 06:15,P026,P045,SE,EU2,1518.09,true,false
02-11-2025 00:05,P010,P003,SE,SE,1812.91,false,false
01-11-2025 01:49,P004,P026,SE,SE,423.23,false,false
03-11-2025 04:36,P004,P047,SE,EU3,5143.2,true,false
06-11-2025 04:26,P027,P037,EU3,SE,2808.77,true,false
02-11-2025 07:44,P038,P049,EU1,EU1,1604.94,false,false
03-11-2025 02:48,P009,P020,EU3,EU1,2566.27,true,false
04-11-2025 23:11,P045,P051,SE,EU5,1503.41,true,false
01-11-2025 21:34,P051,P030,EU4,SE,1102.21,true,false
01-11-2025 05:08,P012,P029,SE,SE,1976.91,false,false
02-11-2025 08:02,P002,P043,SE,EU5,1050.86,true,false
06-11-2025 14:03,P040,P001,SE,SE,735.08,false,false
01-11-2025 18:32,P058,P007,SE,SE,1440.9,false,false
01-11-2025 05:15,P040,P047,EU5,SE,402.63,true,false
03-11-2025 04:50,P048,P008,EU2,SE,1908.25,true,false
06-11-2025 23:14,P026,P048,SE,SE,2874.26,false,false
03-11-2025 02:38,P014,P045,EU4,SE,3265.89,true,false
02-11-2025 02:43,P052,P051,SE,EU4,716.4,true,false
01-11-2025 08:26,P030,P009,SE,EU2,2824.07,true,false
02-11-2025 16:42,P033,P022,EU2,SE,1169.51,true,false
06-11-2025 12:41,P023,P032,SE,SE,82.77,false,false
07-11-2025 13:48,P058,P037,SE,SE,501.12,false,false
04-11-2025 16:31,P056,P006,SE,EU3,2110.28,true,false
03-11-2025 08:14,P042,P033,SE,SE,382.49,false,false
03-11-2025 04:17,P028,P038,SE,EU4,297.34,true,false
02-11-2025 19:29,P039,P027,SE,EU1,3144.81,true,false
07-11-2025 23:31,P002,P028,EU1,SE,3862.93,true,false
07-11-2025 18:55,P006,P041,EU1,EU3,4633.35,true,false
03-11-2025 10:26,P056,P040,SE,SE,1728.16,false,false
04-11-2025 22:53,P022,P056,SE,EU1,2739.68,true,false
02-11-2025 13:14,P035,P020,EU5,SE,1190.6,true,false
04-11-2025 22:10,P056,P022,SE,SE,389.74,false,false
05-11-2025 01:34,P051,P054,SE,SE,3605.02,false,false
03-11-2025 08:19,P027,P057,SE,SE,3043.43,false,false
01-11-2025 00:45,P036,P035,EU3,SE,1960.1,true,false
02-11-2025 06:26,P045,P038,SE,SE,1345.41,false,false
01-11-2025 05:22,P029,P032,SE,SE,277.0,false,false
05-11-2025 10:07,P030,P015,SE,EU1,578.55,true,false
05-11-2025 16:02,P011,P037,SE,SE,6339.39,false,false
02-11-2025 10:42,P040,P013,SE,SE,1371.87,false,false
01-11-2025 04:58,P005,P026,SE,SE,4238.23,false,false
07-11-2025 22:51,P009,P006,SE,SE,751.64,false,false
06-11-2025 17:31,P044,P020,SE,EU4,3897.98,true,false
06-11-2025 17:34,P059,P049,SE,SE,900.74,false,false
06-11-2025 23:19,P039,P036,EU3,SE,1931.28,true,false
01-11-2025 02:56,P003,P044,EU2,EU1,1533.79,true,false
01-11-2025 21:20,P019,P008,SE,EU5,674.62,true,false
06-11-2025 09:33,P055,P028,SE,SE,1412.43,false,false
02-11-2025 20:54,P037,P028,SE,SE,2258.13,false,false
01-11-2025 01:26,P053,P030,EU5,EU5,1684.06,false,false
06-11-2025 00:56,P031,P003,SE,SE,703.54,false,false
01-11-2025 17:55,P047,P043,EU5,SE,881.33,true,false
04-11-2025 17:56,P015,P035,SE,EU3,1686.99,true,false
06-11-2025 03:15,P010,P046,SE,SE,144.78,false,false
04-11-2025 16:04,P001,P013,SE,SE,1055.9,false,false
07-11-2025 21:01,P020,P036,EU3,SE,567.5,true,false
04-11-2025 05:01,P040,P031,SE,SE,5581.21,false,false
02-11-2025 05:52,P047,P017,SE,SE,233.87,false,false
05-11-2025 18:54,P023,P004,EU5,EU3,612.58,true,false
06-11-2025 16:53,P058,P008,SE,EU1,1496.24,true,false
01-11-2025 17:23,P022,P030,SE,EU2,1622.31,true,false
02-11-2025 21:03,P007,P049,SE,SE,7896.43,false,true
05-11-2025 03:44,P032,P034,EU2,SE,115.53,true,false
01-11-2025 14:51,P045,P035,SE,EU4,371.99,true,false
02-11-2025 12:39,P056,P057,SE,SE,1684.25,false,false
02-11-2025 17:23,P001,P041,SE,EU4,353.57,true,false
04-11-2025 01:59,P059,P060,EU1,SE,53.22,true,false
04-11-2025 12:36,P032,P009,EU4,SE,502.21,true,false
01-11-2025 12:47,P045,P041,SE,EU2,2417.09,true,false
02-11-2025 03:06,P043,P014,SE,SE,1972.64,false,false
03-11-2025 22:16,P050,P035,SE,EU3,3165.35,true,false
03-11-2025 03:24,P049,P006,SE,EU5,869.99,true,false
05-11-2025 02:48,P012,P022,SE,SE,782.94,false,false
05-11-2025 17:07,P013,P046,SE,EU5,81.27,true,false
06-11-2025 17:06,P003,P032,EU4,SE,808.49,true,false
06-11-2025 00:20,P024,P035,EU1,SE,704.85,true,false
03-11-2025 13:08,P011,P006,EU3,SE,731.74,true,false
06-11-2025 17:08,P045,P055,SE,SE,237.52,false,false
04-11-2025 04:39,P007,P060,EU5,EU5,2063.84,false,false
03-11-2025 06:41,P009,P035,EU1,EU4,109.54,true,false
02-11-2025 03:58,P052,P053,SE,EU5,404.91,true,false
05-11-2025 13:39,P057,P010,SE,SE,1683.92,false,false
06-11-2025 15:31,P021,P047,SE,SE,2784.54,false,false
06-11-2025 09:03,P032,P009,SE,SE,906.69,false,false
05-11-2025 19:02,P043,P038,SE,SE,3348.32,false,false
03-11-2025 23:38,P049,P037,SE,SE,1132.37,false,false
03-11-2025 10:06,P055,P012,SE,SE,3160.14,false,false
03-11-2025 03:28,P048,P024,SE,EU3,887.55,true,false
04-11-2025 03:15,P026,P016,EU5,SE,2445.78,true,false
07-11-2025 23:53,P019,P009,EU2,SE,596.37,true,false
06-11-2025 20:19,P001,P023,SE,SE,743.03,false,false
02-11-2025 08:34,P005,P049,SE,SE,1282.16,false,false
03-11-2025 13:43,P027,P044,SE,EU4,3336.58,true,false
02-11-2025 23:52,P011,P004,SE,SE,260.04,false,false
06-11-2025 04:10,P035,P045,EU5,SE,1025.58,true,false
01-11-2025 10:23,P044,P040,SE,EU5,557.64,true,false
05-11-2025 00:04,P017,P016,SE,SE,1071.41,false,false
05-11-2025 09:34,P027,P009,EU4,SE,249.75,true,false
02-11-2025 15:08,P017,P024,SE,SE,161.73,false,false
03-11-2025 01:35,P050,P008,SE,SE,233.14,false,false
06-11-2025 00:05,P030,P056,SE,SE,1005.43,false,false
03-11-2025 10:51,P058,P014,SE,EU2,2434.35,true,false
01-11-2025 02:13,P006,P058,EU3,EU4,1353.6,true,false
05-11-2025 23:53,P044,P028,SE,EU1,2287.68,true,false
03-11-2025 23:38,P053,P054,SE,SE,5310.87,false,false
06-11-2025 07:56,P009,P056,SE,SE,409.67,false,false
01-11-2025 22:24,P036,P047,SE,EU3,2068.75,true,false
01-11-2025 17:06,P021,P033,EU4,SE,3968.23,true,false
02-11-2025 04:03,P036,P025,SE,EU3,1523.25,true,false
05-11-2025 05:26,P009,P052,SE,SE,752.89,false,false
03-11-2025 17:33,P012,P009,SE,EU4,653.25,true,false
04-11-2025 22:48,P045,P046,SE,EU1,1319.8,true,false
06-11-2025 23:04,P058,P018,SE,SE,549.85,false,false
04-11-2025 13:31,P005,P015,EU5,EU1,887.28,true,false
05-11-2025 02:29,P031,P022,SE,SE,5404.33,false,false
02-11-2025 22:09,P060,P012,SE,SE,1126.29,false,false
03-11-2025 08:44,P046,P017,SE,SE,1148.07,false,false
01-11-2025 02:50,P018,P059,EU4,SE,890.93,true,false
01-11-2025 10:24,P034,P037,SE,SE,668.51,false,false
01-11-2025 09:06,P044,P022,SE,EU2,1415.59,true,false
01-11-2025 20:21,P020,P032,SE,EU5,459.59,true,false
04-11-2025 06:49,P009,P047,SE,EU3,5699.3,true,false
03-11-2025 04:40,P047,P019,SE,SE,4454.19,false,false
01-11-2025 03:14,P026,P057,SE,SE,849.49,false,false
01-11-2025 07:38,P028,P003,SE,EU1,2200.1,true,false
04-11-2025 22:21,P048,P025,EU5,SE,3631.77,true,false
04-11-2025 16:58,P034,P052,SE,EU5,3129.37,true,false
06-11-2025 04:37,P008,P009,EU2,SE,325.53,true,false
05-11-2025 10:20,P018,P059,SE,SE,355.48,false,false
01-11-2025 12:44,P010,P057,EU5,SE,440.38,true,false
06-11-2025 10:47,P049,P037,SE,SE,1080.2,false,false
06-11-2025 04:43,P034,P056,SE,SE,13998.52,false,true
01-11-2025 22:04,P058,P057,SE,SE,1843.63,false,false
02-11-2025 08:53,P033,P005,SE,SE,1031.32,false,false
07-11-2025 01:14,P050,P024,SE,EU3,6219.24,true,false
03-11-2025 06:01,P010,P020,SE,SE,1587.4,false,false
02-11-2025 22:27,P042,P044,SE,EU3,4435.34,true,false
07-11-2025 07:50,P042,P039,SE,EU4,6381.78,true,false
04-11-2025 17:25,P055,P006,SE,SE,899.77,false,false
02-11-2025 21:05,P022,P021,SE,SE,1625.96,false,false
03-11-2025 18:11,P056,P016,EU4,SE,5805.6,true,false
06-11-2025 09:05,P024,P056,EU2,EU2,575.53,false,false
04-11-2025 20:18,P040,P046,SE,EU1,754.71,true,false
04-11-2025 02:49,P025,P001,SE,SE,2127.22,false,false
07-11-2025 18:01,P046,P041,SE,EU5,1124.22,true,false
06-11-2025 09:49,P034,P006,SE,EU2,11807.42,true,true
02-11-2025 13:04,P059,P034,SE,SE,1286.1,false,false
03-11-2025 01:56,P009,P001,EU2,EU3,2423.99,true,false
01-11-2025 23:13,P005,P057,EU4,SE,636.94,true,false
07-11-2025 18:27,P025,P017,SE,EU5,293.57,true,false
06-11-2025 19:30,P042,P016,SE,EU3,1033.84,true,false
04-11-2025 04:48,P027,P047,SE,SE,537.1,false,false
02-11-2025 19:09,P046,P044,SE,EU1,6381.26,true,false
01-11-2025 01:13,P034,P037,SE,SE,10354.54,false,true
03-11-2025 05:19,P042,P057,EU4,SE,4417.54,true,false
07-11-2025 03:18,P018,P041,SE,EU5,1363.97,true,false
04-11-2025 19:30,P030,P055,SE,EU2,249.18,true,false
04-11-2025 15:19,P013,P028,SE,SE,14016.75,false,true
04-11-2025 22:48,P026,P022,SE,EU4,1361.93,true,false
02-11-2025 07:20,P013,P057,EU4,EU2,1218.85,true,false
04-11-2025 05:50,P027,P043,SE,SE,1259.05,false,false
04-11-2025 13:29,P047,P030,SE,SE,1921.28,false,false
04-11-2025 08:59,P031,P025,SE,SE,1545.22,false,false
04-11-2025 15:19,P022,P056,SE,EU3,556.08,true,false
06-11-2025 00:46,P032,P044,EU3,SE,1836.27,true,false
02-11-2025 13:14,P029,P023,SE,EU1,786.13,true,false
06-11-2025 10:56,P013,P053,SE,SE,206.1,false,false
06-11-2025 07:10,P019,P054,EU4,EU2,2048.05,true,false
01-11-2025 03:59,P038,P014,EU2,EU1,404.13,true,false
05-11-2025 17:51,P043,P005,SE,SE,322.82,false,false
01-11-2025 20:05,P009,P013,SE,SE,1116.73,false,false
03-11-2025 07:54,P033,P024,SE,SE,806.76,false,false
01-11-2025 11:20,P055,P009,SE,EU3,610.31,true,false
06-11-2025 11:57,P043,P006,SE,EU1,1310.52,true,false
01-11-2025 02:54,P042,P021,EU2,EU2,2589.33,false,false
05-11-2025 11:44,P025,P021,SE,SE,1899.09,false,false
05-11-2025 08:30,P049,P003,EU5,SE,2428.01,true,false
05-11-2025 23:37,P007,P054,SE,EU5,11041.56,true,true
07-11-2025 00:53,P024,P023,EU4,SE,534.4,true,false
01-11-2025 03:31,P046,P021,SE,EU3,1246.41,true,false
07-11-2025 19:46,P031,P014,SE,SE,1088.61,false,false
03-11-2025 07:18,P058,P007,SE,EU3,807.98,true,false
06-11-2025 02:01,P027,P015,SE,EU1,1041.4,true,false
01-11-2025 00:13,P030,P043,SE,EU4,2356.68,true,false
03-11-2025 00:51,P013,P058,SE,EU5,1570.65,true,false
06-11-2025 23:17,P047,P054,SE,EU1,1236.62,true,false
01-11-2025 20:15,P040,P034,SE,SE,3430.88,false,false
04-11-2025 03:25,P033,P050,EU2,EU1,214.93,true,false
05-11-2025 09:29,P001,P050,SE,SE,3409.78,false,false
01-11-2025 18:03,P019,P057,SE,EU1,1716.93,true,false
04-11-2025 16:24,P042,P030,SE,SE,1188.52,false,false
02-11-2025 02:33,P004,P032,SE,SE,388.29,false,false
05-11-2025 16:14,P056,P055,SE,SE,179.24,false,false
05-11-2025 03:56,P027,P031,SE,SE,295.16,false,false
04-11-2025 12:01,P048,P060,EU5,EU1,1946.25,true,false
07-11-2025 11:25,P003,P032,EU2,EU5,960.44,true,false
03-11-2025 01:16,P049,P011,EU5,SE,2990.95,true,false
02-11-2025 23:04,P025,P008,SE,SE,422.68,false,false
06-11-2025 21:22,P055,P036,SE,SE,630.17,false,false
05-11-2025 14:14,P011,P041,SE,EU1,3232.45,true,false
03-11-2025 03:46,P038,P012,SE,EU5,451.28,true,false
02-11-2025 22:25,P007,P054,EU5,SE,3640.69,true,false
07-11-2025 08:58,P004,P049,EU2,SE,1306.52,true,false
04-11-2025 18:05,P042,P048,SE,EU3,613.24,true,false
02-11-2025 02:28,P018,P013,SE,SE,652.09,false,false
04-11-2025 01:27,P024,P028,SE,SE,2263.77,false,false
04-11-2025 04:45,P033,P043,SE,EU3,1093.92,true,false
02-11-2025 00:10,P022,P042,EU3,EU2,2035.52,true,false
03-11-2025 09:04,P059,P016,SE,EU1,152.81,true,false
06-11-2025 23:25,P057,P033,SE,EU5,2089.88,true,false
02-11-2025 05:15,P032,P006,SE,EU3,5645.33,true,false
04-11-2025 16:56,P016,P028,EU2,EU1,2214.98,true,false
02-11-2025 17:27,P009,P016,SE,EU1,1284.75,true,false
06-11-2025 13:57,P015,P046,EU1,SE,214.15,true,false
03-11-2025 14:04,P034,P057,SE,SE,5820.45,false,true
03-11-2025 04:00,P051,P031,SE,SE,2489.88,false,false
03-11-2025 23:42,P028,P015,SE,SE,890.82,false,false
07-11-2025 07:41,P024,P051,SE,EU2,566.04,true,false
04-11-2025 16:22,P038,P031,EU3,EU4,1810.91,true,false
03-11-2025 02:40,P050,P026,SE,EU5,1449.67,true,false
02-11-2025 01:25,P013,P040,SE,SE,300.96,false,false
04-11-2025 09:14,P044,P005,SE,SE,321.17,false,false
05-11-2025 10:45,P018,P057,SE,EU2,1694.96,true,false
03-11-2025 02:01,P020,P052,SE,SE,491.16,false,false
06-11-2025 17:24,P034,P047,EU4,EU1,110.72,true,false
07-11-2025 11:48,P004,P014,SE,EU3,1304.16,true,false
07-11-2025 08:27,P038,P025,EU2,EU1,2951.76,true,false
02-11-2025 23:28,P032,P030,SE,SE,1033.96,false,false
04-11-2025 03:06,P009,P058,SE,SE,116.43,false,false
03-11-2025 12:36,P052,P045,SE,SE,712.23,false,false
03-11-2025 19:37,P055,P006,SE,EU1,1000.65,true,false
02-11-2025 07:10,P055,P049,SE,SE,98.7,false,false
03-11-2025 08:11,P049,P057,SE,EU3,2003.58,true,false
01-11-2025 04:02,P042,P044,EU1,SE,745.92,true,false
02-11-2025 20:49,P030,P032,SE,SE,2921.55,false,false
02-11-2025 20:47,P003,P019,SE,EU5,2962.98,true,false
01-11-2025 08:52,P018,P054,EU1,EU1,1017.02,false,false
03-11-2025 03:03,P057,P007,SE,SE,700.5,false,false
07-11-2025 07:11,P044,P015,SE,EU2,1987.38,true,false
06-11-2025 20:06,P033,P019,SE,SE,3633.24,false,false
05-11-2025 17:43,P005,P046,SE,EU2,2331.26,true,false
01-11-2025 20:50,P042,P023,EU3,EU3,3417.58,false,false
07-11-2025 03:03,P035,P030,SE,SE,1022.08,false,false
01-11-2025 05:41,P008,P007,SE,SE,1621.57,false,false
06-11-2025 02:05,P020,P002,SE,SE,1493.8,false,false
07-11-2025 20:20,P026,P051,SE,SE,1190.17,false,false
07-11-2025 18:01,P059,P046,EU5,EU2,2162.23,true,false
06-11-2025 16:12,P017,P007,SE,EU4,2266.9,true,false
06-11-2025 09:58,P016,P012,EU1,EU2,1714.69,true,false
07-11-2025 06:09,P034,P016,SE,EU1,885.95,true,false
07-11-2025 19:44,P029,P050,EU5,SE,765.08,true,false
03-11-2025 02:38,P038,P028,EU2,SE,857.66,true,false
07-11-2025 00:43,P033,P024,SE,SE,793.6,false,false
05-11-2025 14:52,P052,P008,SE,SE,1424.16,false,false
06-11-2025 00:24,P002,P035,SE,SE,1365.89,false,false
07-11-2025 01:36,P009,P059,SE,SE,4914.67,false,false
03-11-2025 05:45,P018,P040,SE,EU4,763.1,true,false
01-11-2025 18:22,P058,P016,SE,SE,2471.45,false,false
05-11-2025 06:10,P021,P043,SE,EU5,1911.22,true,false
04-11-2025 17:40,P047,P016,SE,SE,1433.71,false,false
01-11-2025 07:26,P042,P017,SE,SE,207.12,false,false
05-11-2025 21:54,P018,P033,EU1,SE,707.35,true,false
03-11-2025 01:51,P054,P015,SE,SE,88.82,false,false
07-11-2025 13:30,P050,P003,EU2,SE,7568.07,true,true
05-11-2025 00:40,P027,P020,SE,SE,1463.66,false,false
07-11-2025 09:24,P033,P060,SE,SE,1107.25,false,false
02-11-2025 16:38,P025,P031,SE,SE,747.38,false,false
01-11-2025 17:07,P041,P012,SE,SE,2241.82,false,false
02-11-2025 14:53,P031,P037,EU2,EU1,2666.94,true,false
03-11-2025 00:15,P058,P030,EU3,SE,1071.2,true,false
03-11-2025 07:36,P003,P055,SE,SE,564.91,false,false
03-11-2025 03:13,P034,P007,SE,EU5,11305.28,true,true
04-11-2025 07:31,P016,P056,SE,SE,737.66,false,false
06-11-2025 00:51,P013,P050,SE,SE,516.39,false,false
07-11-2025 04:39,P033,P041,SE,SE,1429.64,false,false
07-11-2025 12:32,P034,P030,SE,SE,369.29,false,false
01-11-2025 16:22,P032,P015,SE,EU3,750.11,true,false
07-11-2025 00:11,P030,P041,SE,EU4,3506.9,true,false
05-11-2025 07:08,P028,P012,SE,EU4,85.7,true,false
02-11-2025 07:52,P003,P027,SE,SE,951.21,false,false
03-11-2025 08:42,P035,P025,SE,SE,918.48,false,false
02-11-2025 18:28,P006,P048,SE,SE,1148.77,false,false
06-11-2025 19:44,P006,P005,EU2,EU1,1504.8,true,false
03-11-2025 07:12,P038,P058,EU1,SE,846.16,true,false
06-11-2025 02:38,P045,P040,SE,EU3,119.9,true,false
02-11-2025 19:53,P045,P008,SE,SE,1744.46,false,false
07-11-2025 05:31,P032,P021,EU5,SE,3759.11,true,false
04-11-2025 18:37,P045,P057,SE,SE,2772.45,false,false
04-11-2025 00:03,P042,P013,SE,EU4,1504.92,true,false
01-11-2025 22:13,P020,P017,SE,EU1,409.4,true,false
02-11-2025 07:35,P009,P038,EU2,SE,1038.69,true,false
06-11-2025 05:20,P038,P039,SE,SE,408.15,false,false
02-11-2025 10:28,P015,P048,EU5,SE,418.28,true,false
07-11-2025 18:50,P040,P048,SE,EU5,1163.3,true,false
06-11-2025 11:04,P021,P015,SE,SE,6358.53,false,true
06-11-2025 03:50,P001,P013,SE,SE,88.43,false,false
05-11-2025 15:16,P014,P021,SE,EU5,943.32,true,false
07-11-2025 01:28,P056,P006,EU5,EU4,304.71,true,false
04-11-2025 17:10,P054,P025,SE,SE,575.19,false,false
03-11-2025 06:31,P044,P038,SE,SE,640.83,false,false
07-11-2025 05:44,P038,P021,SE,SE,1326.97,false,false
01-11-2025 13:39,P054,P029,SE,EU3,763.3,true,false
07-11-2025 18:49,P014,P009,SE,SE,4235.94,false,false
07-11-2025 03:06,P021,P058,SE,EU1,3177.23,true,false
03-11-2025 06:58,P014,P059,SE,SE,487.17,false,false
06-11-2025 08:05,P058,P005,SE,EU4,2358.91,true,false
06-11-2025 05:44,P056,P032,SE,EU2,2306.4,true,false
07-11-2025 03:54,P052,P024,SE,SE,351.46,false,false
07-11-2025 11:00,P002,P041,SE,EU2,1603.62,true,false
02-11-2025 10:52,P031,P040,SE,SE,550.45,false,false
06-11-2025 02:10,P056,P051,SE,SE,3289.07,false,false
02-11-2025 16:30,P037,P023,SE,SE,2008.66,false,false
01-11-2025 03:39,P047,P005,SE,SE,640.8,false,false
02-11-2025 22:45,P032,P011,SE,EU1,1360.77,true,false
02-11-2025 02:04,P029,P018,SE,EU5,2972.97,true,false
05-11-2025 02:50,P012,P051,EU4,EU1,1237.45,true,false
05-11-2025 04:21,P037,P027,SE,SE,1183.23,false,false
03-11-2025 02:13,P027,P039,SE,EU2,1064.69,true,false
07-11-2025 22:16,P033,P045,SE,EU1,151.8,true,false
02-11-2025 05:51,P060,P050,SE,EU5,3158.27,true,false
03-11-2025 03:53,P013,P007,EU4,EU3,12218.62,true,true
03-11-2025 02:24,P047,P001,EU2,EU1,207.44,true,false
04-11-2025 12:44,P043,P015,SE,SE,195.72,false,false
02-11-2025 15:40,P049,P057,SE,SE,3798.99,false,false
05-11-2025 14:12,P012,P030,SE,EU5,630.36,true,false
06-11-2025 21:36,P040,P003,SE,SE,786.58,false,false
03-11-2025 00:07,P050,P015,SE,SE,1461.47,false,false
02-11-2025 00:46,P025,P032,SE,SE,924.05,false,false
03-11-2025 11:20,P004,P053,SE,SE,2767.65,false,false
01-11-2025 03:13,P016,P043,SE,EU2,592.95,true,false
07-11-2025 14:48,P020,P031,SE,SE,3981.19,false,false
02-11-2025 23:01,P024,P032,SE,SE,94.57,false,false
03-11-2025 04:47,P049,P047,SE,EU1,1214.76,true,false
01-11-2025 04:12,P057,P042,SE,SE,3542.46,false,false
03-11-2025 16:15,P052,P060,EU1,EU2,823.66,true,false
01-11-2025 08:00,P050,P031,SE,SE,1786.91,false,false
05-11-2025 08:48,P036,P043,SE,SE,1118.6,false,false
04-11-2025 01:00,P023,P052,SE,SE,2790.13,false,false
04-11-2025 13:43,P009,P015,SE,SE,398.65,false,false
05-11-2025 07:48,P019,P027,SE,SE,4071.11,false,false
06-11-2025 01:03,P056,P013,SE,SE,150.01,false,false
05-11-2025 17:34,P045,P035,EU4,EU2,194.85,true,false
04-11-2025 17:48,P043,P017,SE,SE,1409.94,false,false
02-11-2025 12:09,P033,P057,SE,SE,855.65,false,false
06-11-2025 10:16,P022,P044,EU5,SE,7098.59,true,true
03-11-2025 12:13,P040,P057,SE,SE,67.83,false,false
07-11-2025 22:46,P023,P043,SE,EU3,884.31,true,false
01-11-2025 07:38,P032,P010,SE,EU1,3226.19,true,false
02-11-2025 06:49,P003,P058,SE,EU2,1003.05,true,false
07-11-2025 11:50,P023,P049,EU1,SE,148.09,true,false
06-11-2025 03:57,P009,P013,SE,SE,4420.37,false,false
03-11-2025 21:11,P026,P003,SE,EU4,2917.72,true,false
06-11-2025 16:34,P022,P003,SE,SE,3885.09,false,false
07-11-2025 21:43,P013,P012,EU2,SE,1888.96,true,false
05-11-2025 10:51,P030,P021,SE,EU5,1355.19,true,false
05-11-2025 20:22,P015,P040,EU3,EU5,1173.61,true,false
02-11-2025 11:50,P033,P032,SE,SE,842.07,false,false
03-11-2025 05:34,P020,P035,SE,SE,559.18,false,false
01-11-2025 04:51,P049,P041,SE,SE,3404.34,false,false
01-11-2025 15:55,P047,P016,EU1,SE,2188.62,true,false
07-11-2025 01:07,P050,P034,SE,EU4,314.3,true,false
03-11-2025 01:16,P023,P009,SE,EU4,4437.54,true,false
05-11-2025 09:15,P048,P026,SE,EU2,1516.77,true,false
04-11-2025 09:34,P015,P041,EU2,SE,811.78,true,false
05-11-2025 10:40,P035,P004,SE,SE,456.37,false,false
05-11-2025 17:18,P005,P043,SE,EU1,639.75,true,false
02-11-2025 21:04,P055,P058,SE,SE,1091.17,false,false
07-11-2025 12:46,P045,P004,SE,EU3,230.82,true,false
06-11-2025 13:45,P028,P023,SE,SE,2134.98,false,false
06-11-2025 21:07,P023,P060,SE,EU2,5677.82,true,false
04-11-2025 19:31,P029,P036,SE,EU1,480.3,true,false
07-11-2025 22:00,P016,P020,SE,SE,293.16,false,false
03-11-2025 23:04,P038,P013,SE,SE,931.21,false,false
07-11-2025 12:25,P003,P010,SE,SE,419.46,false,false
07-11-2025 10:48,P008,P025,SE,EU4,183.55,true,false
04-11-2025 17:57,P058,P037,EU4,SE,5430.56,true,false
04-11-2025 01:07,P002,P041,SE,EU1,1329.67,true,false
06-11-2025 23:53,P053,P006,EU3,SE,3674.51,true,false
02-11-2025 19:20,P010,P055,SE,SE,3255.66,false,false
03-11-2025 13:09,P041,P015,SE,EU2,4932.15,true,false
07-11-2025 05:02,P024,P041,SE,EU2,1925.0,true,false
02-11-2025 04:54,P027,P060,SE,SE,3288.42,false,false
04-11-2025 10:54,P056,P043,SE,EU2,3562.34,true,false
02-11-2025 10:42,P038,P041,SE,EU1,939.18,true,false
05-11-2025 20:42,P046,P019,SE,SE,1487.79,false,false
01-11-2025 17:17,P041,P053,EU2,EU3,1466.6,true,false
05-11-2025 16:04,P045,P029,SE,SE,722.64,false,false
